1,Orlando,Gee,orlando0@adventure-works.com,245-555-0173
2,Keith,Harris,keith0@adventure-works.com,170-555-0127
3,Donna,Carreras,donna0@adventure-works.com,279-555-0130
4,Janet,Gates,janet1@adventure-works.com,710-555-0173
5,Lucy,Harrington,lucy0@adventure-works.com,828-555-0186
6,Rosmarie,Carroll,rosmarie0@adventure-works.com,244-555-0112
7,Dominic,Gash,dominic0@adventure-works.com,192-555-0173
10,Kathleen,Garza,kathleen0@adventure-works.com,150-555-0127
11,Katherine,Harding,katherine0@adventure-works.com,926-555-0159
12,Johnny,Caprio,johnny0@adventure-works.com,112-555-0191
16,Christopher,Beck,christopher1@adventure-works.com,1 (11) 500 555-0132
18,David,Liu,david20@adventure-works.com,440-555-0132
19,John,Beaver,john8@adventure-works.com,521-555-0195
20,Jean,Handley,jean1@adventure-works.com,582-555-0113
21,Jinghao,Liu,jinghao1@adventure-works.com,928-555-0116
22,Linda,Burnett,linda4@adventure-works.com,121-555-0121
23,Kerim,Hanif,kerim0@adventure-works.com,216-555-0122
24,Kevin,Liu,kevin5@adventure-works.com,926-555-0164
25,Donald,Blanton,donald0@adventure-works.com,357-555-0161
28,Jackie,Blackwell,jackie0@adventure-works.com,972-555-0163
29,Bryan,Hamilton,bryan2@adventure-works.com,344-555-0144
30,Todd,Logan,todd0@adventure-works.com,783-555-0110
34,Barbara,German,barbara4@adventure-works.com,1 (11) 500 555-0181
37,Jim,Geist,jim1@adventure-works.com,724-555-0161
38,Betty,Haines,betty0@adventure-works.com,867-555-0114
39,Sharon,Looney,sharon2@adventure-works.com,377-555-0132
40,Darren,Gehring,darren0@adventure-works.com,417-555-0182
41,Erin,Hagens,erin1@adventure-works.com,244-555-0127
42,Jeremy,Los,jeremy0@adventure-works.com,911-555-0165
43,Elsa,Leavitt,elsa0@adventure-works.com,482-555-0174
46,David,Lawrence,david19@adventure-works.com,653-555-0159
47,Hattie,Haemon,hattie0@adventure-works.com,141-555-0172
48,Anita,Lucerne,anita0@adventure-works.com,164-555-0118
52,Rebecca,Laszlo,rebecca2@adventure-works.com,1 (11) 500 555-0155
55,Eric,Lang,eric6@adventure-works.com,932-555-0163
56,Brian,Groth,brian5@adventure-works.com,461-555-0118
57,Judy,Lundahl,judy1@adventure-works.com,260-555-0130
58,Peter,Kurniawan,peter4@adventure-works.com,436-555-0160
59,Douglas,Groncki,douglas2@adventure-works.com,385-555-0140
60,Sean,Lunt,sean4@adventure-works.com,183-555-0111
61,Jeffrey,Kurtz,jeffrey3@adventure-works.com,452-555-0179
64,Vamsi,Kuppa,vamsi1@adventure-works.com,290-555-0196
65,Jane,Greer,jane2@adventure-works.com,737-555-0163
66,Alexander,Deborde,alexander1@adventure-works.com,394-555-0176
70,Deepak,Kumar,deepak0@adventure-works.com,1 (11) 500 555-0122
73,Margaret,Krupka,margaret1@adventure-works.com,107-555-0132
74,Christopher,Bright,christopher2@adventure-works.com,162-555-0166
75,Aidan,Delaney,aidan0@adventure-works.com,358-555-0188
76,James,Krow,james11@adventure-works.com,265-555-0190
77,Michael,Brundage,michael13@adventure-works.com,128-555-0148
78,Stefan,Delmarco,stefan0@adventure-works.com,819-555-0186
79,Mitch,Kennedy,mitch0@adventure-works.com,996-555-0192
82,James,Kramer,james10@adventure-works.com,814-555-0130
83,Eric,Brumfield,eric3@adventure-works.com,644-555-0114
84,Della,Demott Jr,della0@adventure-works.com,752-555-0185
88,Pamala,Kotc,pamala0@adventure-works.com,1 (11) 500 555-0173
91,Joy,Koski,joy0@adventure-works.com,810-555-0198
92,Jovita,Carmody,jovita0@adventure-works.com,646-555-0137
93,Prashanth,Desai,prashanth0@adventure-works.com,138-555-0156
94,Scott,Konersmann,scott6@adventure-works.com,556-555-0192
95,Jane,Carmichael,jane0@adventure-works.com,716-555-0167
96,Bonnie,Lepro,bonnie2@adventure-works.com,354-555-0130
97,Eugene,Kogan,eugene2@adventure-works.com,136-555-0134
100,Kirk,King,kirk2@adventure-works.com,979-555-0163
101,William,Conner,william1@adventure-works.com,383-555-0111
102,Linda,Leste,linda7@adventure-works.com,493-555-0134
106,Andrea,Thomsen,andrea1@adventure-works.com,1 (11) 500 555-0120
109,Daniel,Thompson,daniel2@adventure-works.com,247-555-0197
110,Kendra,Thompson,kendra0@adventure-works.com,464-555-0188
111,Scott,Colvin,scott1@adventure-works.com,119-555-0144
112,Elsie,Lewin,elsie0@adventure-works.com,803-555-0116
113,Donald,Thompson,donald1@adventure-works.com,273-555-0111
114,John,Colon,john14@adventure-works.com,397-555-0144
115,George,Li,george3@adventure-works.com,699-555-0183
118,Yale,Li,yale0@adventure-works.com,316-555-0138
119,Phyllis,Thomas,phyllis2@adventure-works.com,667-555-0112
120,Pat,Coleman,pat2@adventure-works.com,292-555-0128
124,Yuhong,Li,yuhong1@adventure-works.com,1 (11) 500 555-0176
127,Joseph,Lique,joseph2@adventure-works.com,119-555-0195
128,Judy,Thames,judy3@adventure-works.com,799-555-0118
129,Connie,Coffman,connie0@adventure-works.com,426-555-0181
130,Paulo,Lisboa,paulo0@adventure-works.com,380-555-0116
131,Vanessa,Tench,vanessa0@adventure-works.com,785-555-0163
132,Teanna,Cobb,teanna0@adventure-works.com,661-555-0168
133,Michael,Graff,michael16@adventure-works.com,132-555-0150
136,Derek,Graham,derek0@adventure-works.com,674-555-0187
137,Gytis,Barzdukas,gytis0@adventure-works.com,257-555-0119
138,Jane,Clayton,jane1@adventure-works.com,206-555-0195
142,Jon,Grande,jon1@adventure-works.com,1 (11) 500 555-0114
145,Ted,Bremer,ted0@adventure-works.com,962-555-0166
146,Richard,Bready,richard1@adventure-works.com,340-555-0131
147,Alice,Clark,alice1@adventure-works.com,221-555-0141
148,Alan,Brewer,alan1@adventure-works.com,494-555-0134
149,Cornelius,Brandon,cornelius0@adventure-works.com,229-555-0114
150,Jill,Christie,jill1@adventure-works.com,927-555-0198
151,Walter,Brian,walter0@adventure-works.com,163-555-0155
154,Carlton,Carlisle,carlton0@adventure-works.com,193-555-0116
155,Joseph,Castellucio,joseph1@adventure-works.com,180-555-0114
156,Lester,Bowman,lester0@adventure-works.com,844-555-0112
160,Brigid,Cavendish,brigid0@adventure-works.com,1 (11) 500 555-0178
163,Andrew,Cencini,andrew2@adventure-works.com,644-555-0111
164,Cindy,Dodd,cindy0@adventure-works.com,706-555-0140
165,Randall,Boseman,randall0@adventure-works.com,383-555-0117
166,Stacey,Cereghino,stacey0@adventure-works.com,351-555-0131
167,Blaine,Dockter,blaine0@adventure-works.com,156-555-0187
168,Luis,Bonifaz,luis0@adventure-works.com,688-555-0113
169,Brenda,Diaz,brenda2@adventure-works.com,147-555-0192
172,Gabriele,Dickmann,gabriele0@adventure-works.com,835-555-0116
173,Rudolph,Dillon,rudolph0@adventure-works.com,722-555-0169
174,Michael,Bohling,michael12@adventure-works.com,838-555-0147
178,Dick,Dievendorff,dick1@adventure-works.com,1 (11) 500 555-0193
180,Nicky,Chesnut,nicky0@adventure-works.com,264-555-0164
181,Michael,Lee,michael18@adventure-works.com,396-555-0139
182,Stanley,Alan,stanley0@adventure-works.com,156-555-0126
183,Yao-Qiang,Cheng,yao-qiang0@adventure-works.com,344-555-0181
184,Marjorie,Lee,marjorie0@adventure-works.com,306-555-0166
185,Sandeep,Kaliyath,sandeep1@adventure-works.com,495-555-0113
186,Pei,Chow,pei0@adventure-works.com,789-555-0184
187,Frank,Campbell,frank4@adventure-works.com,491-555-0132
190,Mark,Lee,mark5@adventure-works.com,371-555-0112
191,Sandra,Kitt,sandra2@adventure-works.com,303-555-0117
192,Hao,Chen,hao1@adventure-works.com,117-555-0173
196,Jolie,Lenehan,jolie0@adventure-works.com,1 (11) 500 555-0126
197,Diane,Krane,diane4@adventure-works.com,224-555-0126
198,Payton,Benson,payton0@adventure-works.com,528-555-0183
199,Roger,Lengel,roger1@adventure-works.com,947-555-0143
200,Peggy,Justice,peggy0@adventure-works.com,170-555-0189
201,Edna,Benson,edna0@adventure-works.com,789-555-0189
202,A.,Leonetti,a0@adventure-works.com,645-555-0193
203,Jean,Jordan,jean3@adventure-works.com,207-555-0129
204,Ido,Ben-Sachar,ido0@adventure-works.com,973-555-0112
205,Frank,Mart¡nez,frank5@adventure-works.com,171-555-0147
208,Steve,Masters,steve2@adventure-works.com,154-555-0115
209,Robert,Jones,robert6@adventure-works.com,595-555-0131
210,Josh,Barnhill,josh0@adventure-works.com,584-555-0192
214,Jennifer,Maxham,jennifer1@adventure-works.com,1 (11) 500 555-0175
217,Chris,Maxwell,chris6@adventure-works.com,642-555-0187
218,David,Johnson,david18@adventure-works.com,476-555-0139
219,Brian,Johnson,brian6@adventure-works.com,320-555-0134
220,Robert,Brown,robert5@adventure-works.com,575-555-0189
221,Sandra,Maynard,sandra4@adventure-works.com,993-555-0179
222,Barry,Johnson,barry1@adventure-works.com,858-555-0140
223,Joyce,Jarvis,joyce0@adventure-works.com,458-555-0179
226,Vance,Johns,vance0@adventure-works.com,103-555-0151
227,Robin,McGuigan,robin0@adventure-works.com,431-555-0153
228,Danielle,Johnson,danielle1@adventure-works.com,356-555-0190
232,David,Jaffe,david17@adventure-works.com,1 (11) 500 555-0140
235,Mary,Alexander,mary7@adventure-works.com,344-555-0133
236,Lola,McCarthy,lola0@adventure-works.com,173-555-0151
237,Mary,Browning,mary5@adventure-works.com,658-555-0146
238,Jodan,Jacobson,jodan0@adventure-works.com,652-555-0189
239,Jane,McCarty,jane3@adventure-works.com,529-555-0195
240,Jessie,Valerio,jessie0@adventure-works.com,103-555-0179
241,Eric,Jacobsen,eric5@adventure-works.com,703-555-0120
244,Bronson,Jacobs,bronson0@adventure-works.com,697-555-0131
245,James,McCoy,james12@adventure-works.com,191-555-0151
246,Esther,Valle,esther0@adventure-works.com,481-555-0131
250,Denean,Ison,denean0@adventure-works.com,1 (11) 500 555-0127
253,Erik,Ismert,erik0@adventure-works.com,116-555-0163
254,Robert,Bernacchi,robert4@adventure-works.com,449-555-0176
255,Sunil,Uppal,sunil0@adventure-works.com,184-555-0187
256,Richard,Irwin,richard4@adventure-works.com,367-555-0124
257,Matthias,Berndt,matthias1@adventure-works.com,384-555-0169
258,Sairaj,Uddin,sairaj1@adventure-works.com,767-555-0193
259,Lucio,Iallo,lucio0@adventure-works.com,199-555-0135
262,Beth,Inghram,beth0@adventure-works.com,718-555-0152
263,Timothy,Burnett,timothy0@adventure-works.com,251-555-0172
264,Phyllis,Tuffield,phyllis3@adventure-works.com,277-555-0182
268,Richard,Byham,richard2@adventure-works.com,1 (11) 500 555-0138
271,Jared,Bustamante,jared0@adventure-works.com,164-555-0147
272,Henry,Campen,henry0@adventure-works.com,635-555-0126
273,Christie,Trujillo,christie0@adventure-works.com,686-555-0180
274,Janet,Gilliat,janet2@adventure-works.com,521-555-0183
275,Chris,Cannon,chris5@adventure-works.com,118-555-0131
276,Michael John,Troyer,michaeljohn0@adventure-works.com,308-555-0175
277,Guy,Gilbert,guy0@adventure-works.com,583-555-0198
280,Frances,Giglio,frances1@adventure-works.com,692-555-0136
281,Suzana De Abreu,Canuto,suzanadeabreu0@adventure-works.com,990-555-0141
282,Billy,Trent,billy0@adventure-works.com,882-555-0115
286,Leo,Giakoumakis,leo0@adventure-works.com,1 (11) 500 555-0169
287,Grant,Culbertson,grant1@adventure-works.com,859-555-0173
288,Robert,Barker,robert3@adventure-works.com,241-555-0112
289,Gabriel,Bockenkamp,gabriel0@adventure-works.com,763-555-0145
290,Scott,Culp,scott3@adventure-works.com,119-555-0167
291,Wayne,Banack,wayne0@adventure-works.com,640-555-0189
292,Michael,Blythe,michael11@adventure-works.com,126-555-0172
293,Conor,Cunningham,conor0@adventure-works.com,115-555-0113
294,Alberto,Baltazar,alberto0@adventure-works.com,780-555-0114
295,Joseph,Mitzner,joseph4@adventure-works.com,129-555-0164
298,Robert,Mitosinka,robert10@adventure-works.com,239-555-0198
299,Thierry,D'Hers,thierry1@adventure-works.com,680-555-0192
300,Daniel,Blanco,daniel0@adventure-works.com,221-555-0167
304,Linda,Mitchell,linda9@adventure-works.com,1 (11) 500 555-0182
306,Stephen,Ayers,stephen1@adventure-works.com,818-555-0171
307,Neva,Mitchell,neva0@adventure-works.com,992-555-0134
308,Megan,Davis,megan1@adventure-works.com,839-555-0198
309,John,Arthur,john6@adventure-works.com,149-555-0113
310,Frank,Miller,frank6@adventure-works.com,118-555-0184
311,Alvaro,De Matos Miranda Filho,alvaro0@adventure-works.com,551-555-0155
312,Thomas,Armstrong,thomas1@adventure-works.com,226-555-0146
313,Dylan,Miller,dylan1@adventure-works.com,140-555-0192
316,Ben,Miller,ben1@adventure-works.com,207-555-0167
317,Jacob,Dean,jacob0@adventure-works.com,767-555-0151
318,Ann,Beebe,ann0@adventure-works.com,277-555-0169
322,Matthew,Miller,matthew5@adventure-works.com,1 (11) 500 555-0176
323,Jo,Brown,jo2@adventure-works.com,689-555-0130
325,Virginia,Miller,virginia0@adventure-works.com,918-555-0127
326,Scott,Gode,scott4@adventure-works.com,164-555-0145
327,Caroline,Vicknair,caroline0@adventure-works.com,695-555-0158
328,Robert,Vessa,robert13@adventure-works.com,560-555-0171
329,Andreas,Berglund,andreas1@adventure-works.com,795-555-0116
330,Mete,Goktepe,mete0@adventure-works.com,637-555-0120
331,Wanda,Vernon,wanda0@adventure-works.com,433-555-0168
334,Dora,Verdad,dora0@adventure-works.com,155-555-0140
335,John,Berger,john10@adventure-works.com,156-555-0111
336,Brian,Goldstein,brian4@adventure-works.com,495-555-0161
340,Raja,Venugopal,raja0@adventure-works.com,1 (11) 500 555-0195
343,Patricia,Vasquez,patricia2@adventure-works.com,490-555-0132
344,Karren,Burkhardt,karren0@adventure-works.com,652-555-0132
345,Abigail,Gonzalez,abigail0@adventure-works.com,121-555-0139
346,Ranjit,Varkey Chudukatil,ranjit1@adventure-works.com,810-555-0160
347,Ingrid,Burkhardt,ingrid0@adventure-works.com,857-555-0187
348,Oscar,Alpuerto,oscar0@adventure-works.com,855-555-0174
349,Gary,Vargas,gary6@adventure-works.com,112-555-0176
352,Shane,Kim,shane2@adventure-works.com,155-555-0149
353,Joan,Campbell,joan0@adventure-works.com,700-555-0155
354,Maxwell,Amland,maxwell0@adventure-works.com,614-555-0134
358,Joe,Kim,joe1@adventure-works.com,1 (11) 500 555-0144
360,Ramona,Antrim,ramona0@adventure-works.com,327-555-0148
361,Karan,Khanna,karan1@adventure-works.com,390-555-0150
362,Sharon,Crow,sharon1@adventure-works.com,889-555-0176
363,Chris,Ashton,chris3@adventure-works.com,556-555-0145
364,Imtiaz,Khan,imtiaz0@adventure-works.com,249-555-0179
365,Jack,Creasey,jack2@adventure-works.com,539-555-0182
366,Teresa,Atkinson,teresa0@adventure-works.com,129-555-0110
367,Tammy,Khan,tammy0@adventure-works.com,145-555-0166
370,Elizabeth,Keyser,elizabeth2@adventure-works.com,656-555-0173
371,Bruno,Costa Da Silva,bruno0@adventure-works.com,140-555-0143
372,Katherine,Swan,katherine1@adventure-works.com,421-555-0192
376,Mary,Kesslep,mary8@adventure-works.com,1 (11) 500 555-0146
377,Marlin,Coriell,marlin0@adventure-works.com,941-555-0155
379,Kevin,Kennedy,kevin4@adventure-works.com,275-555-0179
380,Eva,Corets,eva0@adventure-works.com,542-555-0164
381,Julie,Taft-Rider,julie1@adventure-works.com,145-555-0194
382,Robert,Kelly,robert7@adventure-works.com,510-555-0123
383,Scott,Cooper,scott2@adventure-works.com,773-555-0182
384,Clarence,Tatman,clarence0@adventure-works.com,787-555-0128
385,John,Kelly,john22@adventure-works.com,330-555-0116
388,Victor,Kelley,victor0@adventure-works.com,112-555-0195
389,Dorothy,Contreras,dorothy0@adventure-works.com,428-555-0176
390,Mike,Taylor,mike6@adventure-works.com,204-555-0189
394,Bonnie,Kearney,bonnie1@adventure-works.com,1 (11) 500 555-0116
395,June,Brunner,june0@adventure-works.com,249-555-0172
397,Sandeep,Katyal,sandeep2@adventure-works.com,928-555-0117
398,Shirley,Bruner,shirley0@adventure-works.com,383-555-0155
399,Chad,Tedford,chad1@adventure-works.com,588-555-0128
400,Peter,Houston,peter3@adventure-works.com,632-555-0171
401,Tom,Johnston,tom1@adventure-works.com,883-555-0177
402,Marian,Berch,marian0@adventure-works.com,640-555-0198
403,Juanita,Holman,juanita0@adventure-works.com,996-555-0196
406,Eddie,Holmes,eddie0@adventure-works.com,570-555-0199
407,Robert,Avalos,robert2@adventure-works.com,665-555-0198
408,Alexander,Berger,alexander0@adventure-works.com,519-555-0151
412,Jean,Holloway,jean2@adventure-works.com,1 (11) 500 555-0181
415,Greg,Chapman,greg1@adventure-works.com,708-555-0169
416,Angela,Barbariol,angela1@adventure-works.com,134-555-0182
417,Ruth,Choin,ruth1@adventure-works.com,273-555-0181
418,Lee,Chapla,lee0@adventure-works.com,223-555-0184
419,Darrell,Banks,darrell0@adventure-works.com,816-555-0118
420,Anthony,Chor,anthony0@adventure-works.com,429-555-0145
421,Forrest,Chandler,forrest0@adventure-works.com,448-555-0179
424,Eli,Bowen,eli0@adventure-works.com,371-555-0143
425,Stephen,Jiang,stephen3@adventure-works.com,910-555-0116
426,Dirk,Bruno,dirk0@adventure-works.com,817-555-0114
430,Gustavo,Camargo,gustavo1@adventure-works.com,1 (11) 500 555-0118
431,Douglas,Baldwin,douglas1@adventure-works.com,583-555-0130
433,Lindsey,Camacho,lindsey0@adventure-works.com,827-555-0143
434,James,Bailey,james3@adventure-works.com,234-555-0112
435,Carol,Elliott,carol2@adventure-works.com,847-555-0151
436,Barbara,Calone,barbara2@adventure-works.com,145-555-0152
437,Megan,Burke,megan0@adventure-works.com,148-555-0149
438,Cory,Booth,cory0@adventure-works.com,121-555-0157
439,Shannon,Elliott,shannon0@adventure-works.com,425-555-0158
442,Jauna,Elson,jauna0@adventure-works.com,185-555-0190
443,Janaina Barreiro Gambaro,Bueno,janainabarreirogambaro0@adventure-works.com,476-555-0184
444,Shaun,Beasley,shaun0@adventure-works.com,396-555-0187
448,Terry,Eminhizer,terry1@adventure-works.com,1 (11) 500 555-0176
451,John,Emory,john16@adventure-works.com,691-555-0149
452,Olga,Trau,olga0@adventure-works.com,398-555-0167
453,Jon,Ganio,jon0@adventure-works.com,672-555-0112
454,Gail,Erickson,gail1@adventure-works.com,834-555-0132
455,James,Tran,james15@adventure-works.com,740-555-0159
456,Michael,Galos,michael15@adventure-works.com,912-555-0149
457,Mark,Erickson,mark2@adventure-works.com,962-555-0112
460,Martha,Espinoza,martha0@adventure-works.com,753-555-0179
461,Glenn,Track,glenn0@adventure-works.com,907-555-0170
462,Bob,Gage,bob1@adventure-works.com,962-555-0175
466,Janeth,Esteves,janeth1@adventure-works.com,1 (11) 500 555-0136
468,Paul,Fulton,paul3@adventure-works.com,492-555-0146
469,Twanna,Evans,twanna0@adventure-works.com,554-555-0124
470,Delia,Toone,delia0@adventure-works.com,328-555-0192
471,John,Ford,john19@adventure-works.com,596-555-0153
472,Ann,Evans,ann1@adventure-works.com,252-555-0127
473,Kay,Krane,kay0@adventure-works.com,731-555-0187
474,Mihail,Frintu,mihail1@adventure-works.com,777-555-0163
475,John,Evans,john17@adventure-works.com,581-555-0172
478,Ruby Sue,Styles,rubysue0@adventure-works.com,512-555-0122
479,Lori,Kane,lori2@adventure-works.com,765-555-0141
480,Susan,French,susan3@adventure-works.com,994-555-0194
484,Gary,Suess,gary5@adventure-works.com,1 (11) 500 555-0199
487,Ruth,Suffin,ruth2@adventure-works.com,924-555-0195
488,Margaret,Smith,margaret0@adventure-works.com,959-555-0151
489,Dorothy,Fox,dorothy1@adventure-works.com,191-555-0198
490,Elizabeth,Sullivan,elizabeth4@adventure-works.com,306-555-0112
491,Frances,Adams,frances0@adventure-works.com,991-555-0183
492,Garth,Fort,garth0@adventure-works.com,768-555-0125
493,Michael,Sullivan,michael24@adventure-works.com,323-555-0113
496,Marcia,Sultan,marcia0@adventure-works.com,613-555-0116
497,Amy,Alberts,amy1@adventure-works.com,727-555-0115
498,Kelly,Focht,kelly0@adventure-works.com,272-555-0123
502,Krishna,Sunkammurali,krishna1@adventure-works.com,1 (11) 500 555-0177
504,Mae,Black,mae1@adventure-works.com,264-555-0143
505,Brad,Sutton,brad0@adventure-works.com,688-555-0115
506,François,Ferrier,françois1@adventure-works.com,571-555-0128
507,Mary,Bishop,mary4@adventure-works.com,176-555-0136
508,Martin,Svoboda,martin1@adventure-works.com,132-555-0149
509,Robert,Ahlering,robert1@adventure-works.com,678-555-0175
510,Jimmy,Bischoff,jimmy1@adventure-works.com,992-555-0111
511,Abraham,Swearengin,abraham0@adventure-works.com,926-555-0136
514,Ryan,Calafato,ryan1@adventure-works.com,726-555-0155
515,Dragan,Tomic,dragan1@adventure-works.com,833-555-0167
516,Thomas,Michaels,thomas2@adventure-works.com,162-555-0174
520,Mari,Caldwell,mari0@adventure-works.com,1 (11) 500 555-0118
523,Mary,Gimmi,mary6@adventure-works.com,149-555-0196
526,David,Givens,david15@adventure-works.com,605-555-0111
527,Diane,Tibbott,diane5@adventure-works.com,847-555-0184
528,Helen,Meyer,helen2@adventure-works.com,519-555-0112
529,Jeanie,Glenn,jeanie0@adventure-works.com,669-555-0149
532,Diane,Glimp,diane3@adventure-works.com,898-555-0137
533,Yuping,Tian,yuping0@adventure-works.com,744-555-0123
534,Stephen,Mew,stephen4@adventure-works.com,399-555-0114
538,John,Brooks,john12@adventure-works.com,1 (11) 500 555-0179
541,Willie,Brooks,willie0@adventure-works.com,525-555-0174
542,Andrew,Kobylinski,andrew5@adventure-works.com,129-555-0185
543,R. Morgan,Mendoza,rmorgan0@adventure-works.com,963-555-0146
544,Jay,Adams,jay1@adventure-works.com,158-555-0142
545,Christian,Kleinerman,christian1@adventure-works.com,362-555-0177
546,Anton,Kirilov,anton0@adventure-works.com,608-555-0162
547,Gladys,Mendiola,gladys0@adventure-works.com,535-555-0189
550,Raquel,Mello,raquel0@adventure-works.com,723-555-0124
551,Samuel,Agcaoili,samuel0@adventure-works.com,554-555-0110
552,Tim,Kim,tim0@adventure-works.com,244-555-0115
556,Nancy,McPhearson,nancy3@adventure-works.com,1 (11) 500 555-0195
559,Nkenge,McLin,nkenge0@adventure-works.com,158-555-0123
560,Paul,Alcorn,paul2@adventure-works.com,331-555-0162
561,Marvin,Allen,marvin0@adventure-works.com,447-555-0110
562,Yvonne,McKay,yvonne1@adventure-works.com,623-555-0144
563,Sean,Jacobson,sean2@adventure-works.com,555-555-0162
564,Michelle,Alexander,michelle0@adventure-works.com,115-555-0175
565,Richard,Bentley,richard0@adventure-works.com,911-555-0153
568,Curtis,Howard,curtis0@adventure-works.com,555-555-0162
569,Cecil,Allison,cecil0@adventure-works.com,699-555-0155
570,Gregory,Alderson,gregory0@adventure-works.com,968-555-0153
574,Janice,Hows,janice1@adventure-works.com,1 (11) 500 555-0119
577,George,Huckaby,george1@adventure-works.com,851-555-0127
578,Carolyn,Farino,carolyn0@adventure-works.com,957-555-0125
579,Kim,Abercrombie,kim2@adventure-works.com,334-555-0137
580,Joshua,Huff,joshua0@adventure-works.com,190-555-0186
581,Geri,Farrell,geri0@adventure-works.com,329-555-0183
582,Catherine,Abel,catherine0@adventure-works.com,747-555-0171
583,Laura,Steele,laura3@adventure-works.com,741-555-0173
586,Shanay,Steelman,shanay0@adventure-works.com,797-555-0118
587,Rhoda,Finley,rhoda0@adventure-works.com,920-555-0191
588,Pat,Chambers,pat1@adventure-works.com,127-555-0124
592,Stefano,Stefani,stefano0@adventure-works.com,1 (11) 500 555-0115
595,Alan,Steiner,alan4@adventure-works.com,792-555-0194
596,Kathie,Flood,kathie1@adventure-works.com,627-555-0192
597,Bob,Hodges,bob2@adventure-works.com,129-555-0120
598,Derik,Stenerson,derik0@adventure-works.com,441-555-0144
599,Raul,Casts,raul0@adventure-works.com,362-555-0162
600,Holly,Holt,holly1@adventure-works.com,654-555-0150
601,Vassar,Stern,vassar0@adventure-works.com,328-555-0123
604,Wathalee,Steuber,wathalee0@adventure-works.com,517-555-0120
605,Matthew,Cavallari,matthew1@adventure-works.com,695-555-0161
606,Helge,Hoeing,helge0@adventure-works.com,850-555-0198
607,Alice,Steiner,alice4@adventure-works.com,355-555-0180
608,Steven,Brown,steven1@adventure-works.com,280-555-0124
609,David,Hodgson,david16@adventure-works.com,969-555-0117
610,Liza Marie,Stevens,lizamarie0@adventure-works.com,366-555-0110
613,Jim,Stewart,jim5@adventure-works.com,226-555-0110
617,Arlene,Huff,arlene0@adventure-works.com,1 (11) 500 555-0146
620,Matthew,Hunter,matthew4@adventure-works.com,482-555-0188
621,Matthew,Hink,matthew3@adventure-works.com,146-555-0176
622,Robert,Stotka,robert12@adventure-works.com,493-555-0185
623,Phyllis,Huntsman,phyllis1@adventure-works.com,153-555-0195
624,Mike,Hines,mike3@adventure-works.com,454-555-0160
625,Kayla,Stotler,kayla0@adventure-works.com,315-555-0131
626,Lawrence,Hurkett,lawrence0@adventure-works.com,129-555-0185
629,Ryan,Ihrig,ryan4@adventure-works.com,809-555-0152
630,Andrew,Hill,andrew4@adventure-works.com,194-555-0149
631,Robert,Lyeba,robert8@adventure-works.com,631-555-0155
635,Roger,Van Houten,roger2@adventure-works.com,1 (11) 500 555-0110
637,Robert,Lyon,robert9@adventure-works.com,666-555-0143
641,Rose,Vandenouer,rose1@adventure-works.com,1 (11) 500 555-0140
643,Denise,Maccietto,denise1@adventure-works.com,537-555-0190
644,Gregory,Vanderbout,gregory1@adventure-works.com,684-555-0134
645,Ronald,Heymsfield,ronald1@adventure-works.com,784-555-0120
646,Scott,MacDonald,scott7@adventure-works.com,470-555-0171
647,Michael,Vanderhyde,michael25@adventure-works.com,918-555-0141
648,Cheryl,Herring,cheryl0@adventure-works.com,158-555-0154
649,Walter,Mays,walter1@adventure-works.com,245-555-0191
650,Margaret,Vanderkamp,margaret2@adventure-works.com,265-555-0143
653,Kara,Vanderlinden,kara0@adventure-works.com,680-555-0160
654,Jésus,Hernandez,jésus0@adventure-works.com,214-555-0145
655,Irene,Hernandez,irene0@adventure-works.com,790-555-0197
659,Ajay,Manchepalli,ajay0@adventure-works.com,1 (11) 500 555-0174
660,Nieves,Vargas,nieves0@adventure-works.com,371-555-0184
661,Kari,Hensien,kari0@adventure-works.com,143-555-0129
665,Tomas,Manzanares,tomas0@adventure-works.com,1 (11) 500 555-0178
668,Kathy,Marcovecchio,kathy0@adventure-works.com,942-555-0141
669,Patricia,Doyle,patricia0@adventure-works.com,899-555-0134
670,Valerie,Hendricks,valerie0@adventure-works.com,859-555-0140
671,Jill,Markwood,jill2@adventure-works.com,747-555-0113
672,Gerald,Drury,gerald0@adventure-works.com,169-555-0178
673,John,Hanson,john20@adventure-works.com,107-555-0117
674,Melissa,Marple,melissa0@adventure-works.com,685-555-0117
677,Cecelia,Marshall,cecelia0@adventure-works.com,394-555-0168
678,Reuben,D'sa,reuben1@adventure-works.com,916-555-0137
679,Brenda,Heaney,brenda3@adventure-works.com,393-555-0167
683,Linda,Martin,linda8@adventure-works.com,1 (11) 500 555-0137
685,James,Haugh,james8@adventure-works.com,763-555-0120
689,Sandra,Martinez,sandra3@adventure-works.com,1 (11) 500 555-0113
692,Bev,Desalvo,bev0@adventure-works.com,143-555-0113
693,Bart,Duncan,bart0@adventure-works.com,539-555-0121
694,Ann,Hass,ann2@adventure-works.com,713-555-0168
695,Rob,Caron,rob2@adventure-works.com,620-555-0117
696,Maciej,Dusza,maciej1@adventure-works.com,962-555-0144
697,Roger,Harui,roger0@adventure-works.com,774-555-0133
698,Andy,Carothers,andy1@adventure-works.com,944-555-0148
701,Linda,Ecoffey,linda5@adventure-works.com,674-555-0188
29485,Catherine,Abel,catherine0@adventure-works.com,747-555-0171
29486,Kim,Abercrombie,kim2@adventure-works.com,334-555-0137
29489,Frances,Adams,frances0@adventure-works.com,991-555-0183
29490,Margaret,Smith,margaret0@adventure-works.com,959-555-0151
29492,Jay,Adams,jay1@adventure-works.com,158-555-0142
29494,Samuel,Agcaoili,samuel0@adventure-works.com,554-555-0110
29496,Robert,Ahlering,robert1@adventure-works.com,678-555-0175
29497,François,Ferrier,françois1@adventure-works.com,571-555-0128
29499,Amy,Alberts,amy1@adventure-works.com,727-555-0115
29502,Paul,Alcorn,paul2@adventure-works.com,331-555-0162
29503,Gregory,Alderson,gregory0@adventure-works.com,968-555-0153
29505,Michelle,Alexander,michelle0@adventure-works.com,115-555-0175
29506,Sean,Jacobson,sean2@adventure-works.com,555-555-0162
29508,Marvin,Allen,marvin0@adventure-works.com,447-555-0110
29510,Cecil,Allison,cecil0@adventure-works.com,699-555-0155
29511,Oscar,Alpuerto,oscar0@adventure-works.com,855-555-0174
29515,Maxwell,Amland,maxwell0@adventure-works.com,614-555-0134
29517,Ramona,Antrim,ramona0@adventure-works.com,327-555-0148
29521,Tom,Johnston,tom1@adventure-works.com,883-555-0177
29522,Thomas,Armstrong,thomas1@adventure-works.com,226-555-0146
29523,John,Arthur,john6@adventure-works.com,149-555-0113
29524,Chris,Ashton,chris3@adventure-works.com,556-555-0145
29525,Teresa,Atkinson,teresa0@adventure-works.com,129-555-0110
29527,Robert,Avalos,robert2@adventure-works.com,665-555-0198
29528,Stephen,Ayers,stephen1@adventure-works.com,818-555-0171
29530,Daniel,Blanco,daniel0@adventure-works.com,221-555-0167
29531,Cory,Booth,cory0@adventure-works.com,121-555-0157
29532,James,Bailey,james3@adventure-works.com,234-555-0112
29533,Douglas,Baldwin,douglas1@adventure-works.com,583-555-0130
29535,Wayne,Banack,wayne0@adventure-works.com,640-555-0189
29536,Robert,Barker,robert3@adventure-works.com,241-555-0112
29539,Josh,Barnhill,josh0@adventure-works.com,584-555-0192
29541,Gytis,Barzdukas,gytis0@adventure-works.com,257-555-0119
29544,Shaun,Beasley,shaun0@adventure-works.com,396-555-0187
29545,John,Beaver,john8@adventure-works.com,521-555-0195
29546,Christopher,Beck,christopher1@adventure-works.com,1 (11) 500 555-0132
29548,Ann,Beebe,ann0@adventure-works.com,277-555-0169
29550,Stanley,Alan,stanley0@adventure-works.com,156-555-0126
29553,Edna,Benson,edna0@adventure-works.com,789-555-0189
29554,Payton,Benson,payton0@adventure-works.com,528-555-0183
29557,Alexander,Berger,alexander0@adventure-works.com,519-555-0151
29558,John,Berger,john10@adventure-works.com,156-555-0111
29559,Robert,Bernacchi,robert4@adventure-works.com,449-555-0176
29560,Matthias,Berndt,matthias1@adventure-works.com,384-555-0169
29562,Steven,Brown,steven1@adventure-works.com,280-555-0124
29565,Jimmy,Bischoff,jimmy1@adventure-works.com,992-555-0111
29566,Mae,Black,mae1@adventure-works.com,264-555-0143
29567,Jackie,Blackwell,jackie0@adventure-works.com,972-555-0163
29568,Donald,Blanton,donald0@adventure-works.com,357-555-0161
29569,Linda,Burnett,linda4@adventure-works.com,121-555-0121
29570,Michael,Blythe,michael11@adventure-works.com,126-555-0172
29571,Gabriel,Bockenkamp,gabriel0@adventure-works.com,763-555-0145
29573,Luis,Bonifaz,luis0@adventure-works.com,688-555-0113
29574,Randall,Boseman,randall0@adventure-works.com,383-555-0117
29576,Eli,Bowen,eli0@adventure-works.com,371-555-0143
29577,Lester,Bowman,lester0@adventure-works.com,844-555-0112
29579,Cornelius,Brandon,cornelius0@adventure-works.com,229-555-0114
29580,Richard,Bready,richard1@adventure-works.com,340-555-0131
29582,Ted,Bremer,ted0@adventure-works.com,962-555-0166
29583,Alan,Brewer,alan1@adventure-works.com,494-555-0134
29584,Walter,Brian,walter0@adventure-works.com,163-555-0155
29585,Christopher,Bright,christopher2@adventure-works.com,162-555-0166
29587,John,Brooks,john12@adventure-works.com,1 (11) 500 555-0179
29588,Willie,Brooks,willie0@adventure-works.com,525-555-0174
29590,Jo,Brown,jo2@adventure-works.com,689-555-0130
29591,Robert,Brown,robert5@adventure-works.com,575-555-0189
29593,Mary,Browning,mary5@adventure-works.com,658-555-0146
29596,Eric,Brumfield,eric3@adventure-works.com,644-555-0114
29598,Michael,Brundage,michael13@adventure-works.com,128-555-0148
29599,Shirley,Bruner,shirley0@adventure-works.com,383-555-0155
29600,June,Brunner,june0@adventure-works.com,249-555-0172
29601,Dirk,Bruno,dirk0@adventure-works.com,817-555-0114
29603,Janaina Barreiro Gambaro,Bueno,janainabarreirogambaro0@adventure-works.com,476-555-0184
29605,Megan,Burke,megan0@adventure-works.com,148-555-0149
29606,Karren,Burkhardt,karren0@adventure-works.com,652-555-0132
29608,Timothy,Burnett,timothy0@adventure-works.com,251-555-0172
29611,Jared,Bustamante,jared0@adventure-works.com,164-555-0147
29612,Richard,Byham,richard2@adventure-works.com,1 (11) 500 555-0138
29614,Ryan,Calafato,ryan1@adventure-works.com,726-555-0155
29615,Mari,Caldwell,mari0@adventure-works.com,1 (11) 500 555-0118
29616,Barbara,Calone,barbara2@adventure-works.com,145-555-0152
29617,Lindsey,Camacho,lindsey0@adventure-works.com,827-555-0143
29618,Gustavo,Camargo,gustavo1@adventure-works.com,1 (11) 500 555-0118
29620,Joan,Campbell,joan0@adventure-works.com,700-555-0155
29622,Henry,Campen,henry0@adventure-works.com,635-555-0126
29623,Chris,Cannon,chris5@adventure-works.com,118-555-0131
29625,Suzana De Abreu,Canuto,suzanadeabreu0@adventure-works.com,990-555-0141
29627,Johnny,Caprio,johnny0@adventure-works.com,112-555-0191
29629,Carlton,Carlisle,carlton0@adventure-works.com,193-555-0116
29631,Jane,Carmichael,jane0@adventure-works.com,716-555-0167
29632,Jovita,Carmody,jovita0@adventure-works.com,646-555-0137
29635,Rob,Caron,rob2@adventure-works.com,620-555-0117
29636,Andy,Carothers,andy1@adventure-works.com,944-555-0148
29637,Donna,Carreras,donna0@adventure-works.com,279-555-0130
29638,Rosmarie,Carroll,rosmarie0@adventure-works.com,244-555-0112
29639,Joseph,Castellucio,joseph1@adventure-works.com,180-555-0114
29641,Raul,Casts,raul0@adventure-works.com,362-555-0162
29643,Matthew,Cavallari,matthew1@adventure-works.com,695-555-0161
29644,Brigid,Cavendish,brigid0@adventure-works.com,1 (11) 500 555-0178
29645,Andrew,Cencini,andrew2@adventure-works.com,644-555-0111
29646,Stacey,Cereghino,stacey0@adventure-works.com,351-555-0131
29649,Pat,Chambers,pat1@adventure-works.com,127-555-0124
29650,Forrest,Chandler,forrest0@adventure-works.com,448-555-0179
29651,Lee,Chapla,lee0@adventure-works.com,223-555-0184
29653,Pei,Chow,pei0@adventure-works.com,789-555-0184
29654,Yao-Qiang,Cheng,yao-qiang0@adventure-works.com,344-555-0181
29655,Nicky,Chesnut,nicky0@adventure-works.com,264-555-0164
29659,Ruth,Choin,ruth1@adventure-works.com,273-555-0181
29660,Anthony,Chor,anthony0@adventure-works.com,429-555-0145
29662,Jill,Christie,jill1@adventure-works.com,927-555-0198
29663,Alice,Clark,alice1@adventure-works.com,221-555-0141
29666,Jane,Clayton,jane1@adventure-works.com,206-555-0195
29668,Connie,Coffman,connie0@adventure-works.com,426-555-0181
29671,Pat,Coleman,pat2@adventure-works.com,292-555-0128
29673,John,Colon,john14@adventure-works.com,397-555-0144
29674,Scott,Colvin,scott1@adventure-works.com,119-555-0144
29677,William,Conner,william1@adventure-works.com,383-555-0111
29680,Dorothy,Contreras,dorothy0@adventure-works.com,428-555-0176
29682,Scott,Cooper,scott2@adventure-works.com,773-555-0182
29683,Eva,Corets,eva0@adventure-works.com,542-555-0164
29684,Marlin,Coriell,marlin0@adventure-works.com,941-555-0155
29686,Jack,Creasey,jack2@adventure-works.com,539-555-0182
29688,Grant,Culbertson,grant1@adventure-works.com,859-555-0173
29689,Scott,Culp,scott3@adventure-works.com,119-555-0167
29690,Conor,Cunningham,conor0@adventure-works.com,115-555-0113
29692,Thierry,D'Hers,thierry1@adventure-works.com,680-555-0192
29695,Megan,Davis,megan1@adventure-works.com,839-555-0198
29696,Alvaro,De Matos Miranda Filho,alvaro0@adventure-works.com,551-555-0155
29698,Jacob,Dean,jacob0@adventure-works.com,767-555-0151
29699,Alexander,Deborde,alexander1@adventure-works.com,394-555-0176
29702,Aidan,Delaney,aidan0@adventure-works.com,358-555-0188
29703,Stefan,Delmarco,stefan0@adventure-works.com,819-555-0186
29705,Della,Demott Jr,della0@adventure-works.com,752-555-0185
29708,Prashanth,Desai,prashanth0@adventure-works.com,138-555-0156
29709,Bev,Desalvo,bev0@adventure-works.com,143-555-0113
29710,Brenda,Diaz,brenda2@adventure-works.com,147-555-0192
29711,Gabriele,Dickmann,gabriele0@adventure-works.com,835-555-0116
29713,Dick,Dievendorff,dick1@adventure-works.com,1 (11) 500 555-0193
29714,Rudolph,Dillon,rudolph0@adventure-works.com,722-555-0169
29716,Blaine,Dockter,blaine0@adventure-works.com,156-555-0187
29717,Cindy,Dodd,cindy0@adventure-works.com,706-555-0140
29719,Patricia,Doyle,patricia0@adventure-works.com,899-555-0134
29720,Gerald,Drury,gerald0@adventure-works.com,169-555-0178
29722,Reuben,D'sa,reuben1@adventure-works.com,916-555-0137
29727,Bart,Duncan,bart0@adventure-works.com,539-555-0121
29728,Maciej,Dusza,maciej1@adventure-works.com,962-555-0144
29730,Linda,Ecoffey,linda5@adventure-works.com,674-555-0188
29732,Carol,Elliott,carol2@adventure-works.com,847-555-0151
29733,Shannon,Elliott,shannon0@adventure-works.com,425-555-0158
29734,Jauna,Elson,jauna0@adventure-works.com,185-555-0190
29736,Terry,Eminhizer,terry1@adventure-works.com,1 (11) 500 555-0176
29737,John,Emory,john16@adventure-works.com,691-555-0149
29738,Gail,Erickson,gail1@adventure-works.com,834-555-0132
29739,Mark,Erickson,mark2@adventure-works.com,962-555-0112
29740,Martha,Espinoza,martha0@adventure-works.com,753-555-0179
29741,Janeth,Esteves,janeth1@adventure-works.com,1 (11) 500 555-0136
29742,Twanna,Evans,twanna0@adventure-works.com,554-555-0124
29743,Ann,Evans,ann1@adventure-works.com,252-555-0127
29744,John,Evans,john17@adventure-works.com,581-555-0172
29747,Carolyn,Farino,carolyn0@adventure-works.com,957-555-0125
29748,Geri,Farrell,geri0@adventure-works.com,329-555-0183
29750,Rhoda,Finley,rhoda0@adventure-works.com,920-555-0191
29753,Kathie,Flood,kathie1@adventure-works.com,627-555-0192
29755,Kelly,Focht,kelly0@adventure-works.com,272-555-0123
29757,Garth,Fort,garth0@adventure-works.com,768-555-0125
29758,Dorothy,Fox,dorothy1@adventure-works.com,191-555-0198
29761,Susan,French,susan3@adventure-works.com,994-555-0194
29763,Mihail,Frintu,mihail1@adventure-works.com,777-555-0163
29764,John,Ford,john19@adventure-works.com,596-555-0153
29765,Paul,Fulton,paul3@adventure-works.com,492-555-0146
29766,Bob,Gage,bob1@adventure-works.com,962-555-0175
29768,Michael,Galos,michael15@adventure-works.com,912-555-0149
29769,Jon,Ganio,jon0@adventure-works.com,672-555-0112
29770,Kathleen,Garza,kathleen0@adventure-works.com,150-555-0127
29771,Dominic,Gash,dominic0@adventure-works.com,192-555-0173
29772,Janet,Gates,janet1@adventure-works.com,710-555-0173
29773,Orlando,Gee,orlando0@adventure-works.com,245-555-0173
29774,Darren,Gehring,darren0@adventure-works.com,417-555-0182
29775,Jim,Geist,jim1@adventure-works.com,724-555-0161
29776,Barbara,German,barbara4@adventure-works.com,1 (11) 500 555-0181
29778,Leo,Giakoumakis,leo0@adventure-works.com,1 (11) 500 555-0169
29780,Frances,Giglio,frances1@adventure-works.com,692-555-0136
29781,Guy,Gilbert,guy0@adventure-works.com,583-555-0198
29782,Janet,Gilliat,janet2@adventure-works.com,521-555-0183
29783,Mary,Gimmi,mary6@adventure-works.com,149-555-0196
29784,Jeanie,Glenn,jeanie0@adventure-works.com,669-555-0149
29785,Diane,Glimp,diane3@adventure-works.com,898-555-0137
29787,Scott,Gode,scott4@adventure-works.com,164-555-0145
29788,Mete,Goktepe,mete0@adventure-works.com,637-555-0120
29789,Brian,Goldstein,brian4@adventure-works.com,495-555-0161
29792,Abigail,Gonzalez,abigail0@adventure-works.com,121-555-0139
29793,Michael,Graff,michael16@adventure-works.com,132-555-0150
29794,Derek,Graham,derek0@adventure-works.com,674-555-0187
29796,Jon,Grande,jon1@adventure-works.com,1 (11) 500 555-0114
29797,Jane,Greer,jane2@adventure-works.com,737-555-0163
29799,Douglas,Groncki,douglas2@adventure-works.com,385-555-0140
29800,Brian,Groth,brian5@adventure-works.com,461-555-0118
29803,Hattie,Haemon,hattie0@adventure-works.com,141-555-0172
29805,Erin,Hagens,erin1@adventure-works.com,244-555-0127
29806,Betty,Haines,betty0@adventure-works.com,867-555-0114
29807,Bryan,Hamilton,bryan2@adventure-works.com,344-555-0144
29809,Kerim,Hanif,kerim0@adventure-works.com,216-555-0122
29810,Jean,Handley,jean1@adventure-works.com,582-555-0113
29813,Katherine,Harding,katherine0@adventure-works.com,926-555-0159
29815,Lucy,Harrington,lucy0@adventure-works.com,828-555-0186
29816,Keith,Harris,keith0@adventure-works.com,170-555-0127
29818,Roger,Harui,roger0@adventure-works.com,774-555-0133
29819,Ann,Hass,ann2@adventure-works.com,713-555-0168
29822,James,Haugh,james8@adventure-works.com,763-555-0120
29824,Brenda,Heaney,brenda3@adventure-works.com,393-555-0167
29826,John,Hanson,john20@adventure-works.com,107-555-0117
29827,Valerie,Hendricks,valerie0@adventure-works.com,859-555-0140
29830,Kari,Hensien,kari0@adventure-works.com,143-555-0129
29831,Irene,Hernandez,irene0@adventure-works.com,790-555-0197
29832,Jésus,Hernandez,jésus0@adventure-works.com,214-555-0145
29834,Cheryl,Herring,cheryl0@adventure-works.com,158-555-0154
29835,Ronald,Heymsfield,ronald1@adventure-works.com,784-555-0120
29840,Andrew,Hill,andrew4@adventure-works.com,194-555-0149
29842,Mike,Hines,mike3@adventure-works.com,454-555-0160
29843,Matthew,Hink,matthew3@adventure-works.com,146-555-0176
29847,David,Hodgson,david16@adventure-works.com,969-555-0117
29848,Helge,Hoeing,helge0@adventure-works.com,850-555-0198
29850,Bob,Hodges,bob2@adventure-works.com,129-555-0120
29851,Jean,Holloway,jean2@adventure-works.com,1 (11) 500 555-0181
29852,Eddie,Holmes,eddie0@adventure-works.com,570-555-0199
29853,Juanita,Holman,juanita0@adventure-works.com,996-555-0196
29854,Peter,Houston,peter3@adventure-works.com,632-555-0171
29855,Curtis,Howard,curtis0@adventure-works.com,555-555-0162
29857,Janice,Hows,janice1@adventure-works.com,1 (11) 500 555-0119
29858,George,Huckaby,george1@adventure-works.com,851-555-0127
29859,Joshua,Huff,joshua0@adventure-works.com,190-555-0186
29860,Arlene,Huff,arlene0@adventure-works.com,1 (11) 500 555-0146
29861,Phyllis,Huntsman,phyllis1@adventure-works.com,153-555-0195
29862,Lawrence,Hurkett,lawrence0@adventure-works.com,129-555-0185
29863,Ryan,Ihrig,ryan4@adventure-works.com,809-555-0152
29864,Beth,Inghram,beth0@adventure-works.com,718-555-0152
29865,Lucio,Iallo,lucio0@adventure-works.com,199-555-0135
29866,Richard,Irwin,richard4@adventure-works.com,367-555-0124
29867,Erik,Ismert,erik0@adventure-works.com,116-555-0163
29868,Denean,Ison,denean0@adventure-works.com,1 (11) 500 555-0127
29870,Bronson,Jacobs,bronson0@adventure-works.com,697-555-0131
29871,Eric,Jacobsen,eric5@adventure-works.com,703-555-0120
29872,Jodan,Jacobson,jodan0@adventure-works.com,652-555-0189
29873,Mary,Alexander,mary7@adventure-works.com,344-555-0133
29874,David,Jaffe,david17@adventure-works.com,1 (11) 500 555-0140
29876,Vance,Johns,vance0@adventure-works.com,103-555-0151
29877,Joyce,Jarvis,joyce0@adventure-works.com,458-555-0179
29879,Stephen,Jiang,stephen3@adventure-works.com,910-555-0116
29881,Danielle,Johnson,danielle1@adventure-works.com,356-555-0190
29883,Barry,Johnson,barry1@adventure-works.com,858-555-0140
29884,Brian,Johnson,brian6@adventure-works.com,320-555-0134
29885,David,Johnson,david18@adventure-works.com,476-555-0139
29889,Jean,Jordan,jean3@adventure-works.com,207-555-0129
29890,Peggy,Justice,peggy0@adventure-works.com,170-555-0189
29891,Diane,Krane,diane4@adventure-works.com,224-555-0126
29892,Sandra,Kitt,sandra2@adventure-works.com,303-555-0117
29893,Sandeep,Kaliyath,sandeep1@adventure-works.com,495-555-0113
29895,Lori,Kane,lori2@adventure-works.com,765-555-0141
29897,Kay,Krane,kay0@adventure-works.com,731-555-0187
29898,Sandeep,Katyal,sandeep2@adventure-works.com,928-555-0117
29900,Victor,Kelley,victor0@adventure-works.com,112-555-0195
29901,John,Kelly,john22@adventure-works.com,330-555-0116
29902,Robert,Kelly,robert7@adventure-works.com,510-555-0123
29903,Kevin,Kennedy,kevin4@adventure-works.com,275-555-0179
29904,Mary,Kesslep,mary8@adventure-works.com,1 (11) 500 555-0146
29905,Elizabeth,Keyser,elizabeth2@adventure-works.com,656-555-0173
29906,Imtiaz,Khan,imtiaz0@adventure-works.com,249-555-0179
29907,Karan,Khanna,karan1@adventure-works.com,390-555-0150
29908,Joe,Kim,joe1@adventure-works.com,1 (11) 500 555-0144
29910,Shane,Kim,shane2@adventure-works.com,155-555-0149
29911,Tim,Kim,tim0@adventure-works.com,244-555-0115
29913,Anton,Kirilov,anton0@adventure-works.com,608-555-0162
29914,Christian,Kleinerman,christian1@adventure-works.com,362-555-0177
29915,Andrew,Kobylinski,andrew5@adventure-works.com,129-555-0185
29918,Kirk,King,kirk2@adventure-works.com,979-555-0163
29919,Eugene,Kogan,eugene2@adventure-works.com,136-555-0134
29920,Scott,Konersmann,scott6@adventure-works.com,556-555-0192
29921,Joy,Koski,joy0@adventure-works.com,810-555-0198
29922,Pamala,Kotc,pamala0@adventure-works.com,1 (11) 500 555-0173
29924,Mitch,Kennedy,mitch0@adventure-works.com,996-555-0192
29925,Margaret,Krupka,margaret1@adventure-works.com,107-555-0132
29926,Deepak,Kumar,deepak0@adventure-works.com,1 (11) 500 555-0122
29928,Vamsi,Kuppa,vamsi1@adventure-works.com,290-555-0196
29929,Jeffrey,Kurtz,jeffrey3@adventure-works.com,452-555-0179
29930,Peter,Kurniawan,peter4@adventure-works.com,436-555-0160
29931,Eric,Lang,eric6@adventure-works.com,932-555-0163
29932,Rebecca,Laszlo,rebecca2@adventure-works.com,1 (11) 500 555-0155
29934,David,Lawrence,david19@adventure-works.com,653-555-0159
29935,Elsa,Leavitt,elsa0@adventure-works.com,482-555-0174
29936,Michael,Lee,michael18@adventure-works.com,396-555-0139
29937,Marjorie,Lee,marjorie0@adventure-works.com,306-555-0166
29938,Frank,Campbell,frank4@adventure-works.com,491-555-0132
29939,Mark,Lee,mark5@adventure-works.com,371-555-0112
29941,Jolie,Lenehan,jolie0@adventure-works.com,1 (11) 500 555-0126
29942,Roger,Lengel,roger1@adventure-works.com,947-555-0143
29943,A.,Leonetti,a0@adventure-works.com,645-555-0193
29944,Bonnie,Lepro,bonnie2@adventure-works.com,354-555-0130
29946,Linda,Leste,linda7@adventure-works.com,493-555-0134
29948,Elsie,Lewin,elsie0@adventure-works.com,803-555-0116
29949,George,Li,george3@adventure-works.com,699-555-0183
29950,Yale,Li,yale0@adventure-works.com,316-555-0138
29952,Yuhong,Li,yuhong1@adventure-works.com,1 (11) 500 555-0176
29953,Joseph,Lique,joseph2@adventure-works.com,119-555-0195
29954,Paulo,Lisboa,paulo0@adventure-works.com,380-555-0116
29955,David,Liu,david20@adventure-works.com,440-555-0132
29956,Jinghao,Liu,jinghao1@adventure-works.com,928-555-0116
29957,Kevin,Liu,kevin5@adventure-works.com,926-555-0164
29959,Todd,Logan,todd0@adventure-works.com,783-555-0110
29962,Sharon,Looney,sharon2@adventure-works.com,377-555-0132
29964,Anita,Lucerne,anita0@adventure-works.com,164-555-0118
29967,Judy,Lundahl,judy1@adventure-works.com,260-555-0130
29969,Robert,Lyeba,robert8@adventure-works.com,631-555-0155
29971,Robert,Lyon,robert9@adventure-works.com,666-555-0143
29973,Denise,Maccietto,denise1@adventure-works.com,537-555-0190
29974,Scott,MacDonald,scott7@adventure-works.com,470-555-0171
29975,Walter,Mays,walter1@adventure-works.com,245-555-0191
29978,Ajay,Manchepalli,ajay0@adventure-works.com,1 (11) 500 555-0174
29980,Tomas,Manzanares,tomas0@adventure-works.com,1 (11) 500 555-0178
29981,Kathy,Marcovecchio,kathy0@adventure-works.com,942-555-0141
29982,Melissa,Marple,melissa0@adventure-works.com,685-555-0117
29983,Cecelia,Marshall,cecelia0@adventure-works.com,394-555-0168
29985,Linda,Martin,linda8@adventure-works.com,1 (11) 500 555-0137
29987,Frank,Mart¡nez,frank5@adventure-works.com,171-555-0147
29988,Steve,Masters,steve2@adventure-works.com,154-555-0115
29990,Jennifer,Maxham,jennifer1@adventure-works.com,1 (11) 500 555-0175
29991,Chris,Maxwell,chris6@adventure-works.com,642-555-0187
29992,Sandra,Maynard,sandra4@adventure-works.com,993-555-0179
29994,Robin,McGuigan,robin0@adventure-works.com,431-555-0153
29997,Lola,McCarthy,lola0@adventure-works.com,173-555-0151
29998,Jane,McCarty,jane3@adventure-works.com,529-555-0195
30000,James,McCoy,james12@adventure-works.com,191-555-0151
30003,Yvonne,McKay,yvonne1@adventure-works.com,623-555-0144
30004,Nkenge,McLin,nkenge0@adventure-works.com,158-555-0123
30005,Nancy,McPhearson,nancy3@adventure-works.com,1 (11) 500 555-0195
30007,Raquel,Mello,raquel0@adventure-works.com,723-555-0124
30008,R. Morgan,Mendoza,rmorgan0@adventure-works.com,963-555-0146
30010,Stephen,Mew,stephen4@adventure-works.com,399-555-0114
30012,Helen,Meyer,helen2@adventure-works.com,519-555-0112
30016,Thomas,Michaels,thomas2@adventure-works.com,162-555-0174
30018,Virginia,Miller,virginia0@adventure-works.com,918-555-0127
30019,Matthew,Miller,matthew5@adventure-works.com,1 (11) 500 555-0176
30021,Ben,Miller,ben1@adventure-works.com,207-555-0167
30022,Dylan,Miller,dylan1@adventure-works.com,140-555-0192
30023,Frank,Miller,frank6@adventure-works.com,118-555-0184
30024,Neva,Mitchell,neva0@adventure-works.com,992-555-0134
30025,Linda,Mitchell,linda9@adventure-works.com,1 (11) 500 555-0182
30027,Joseph,Mitzner,joseph4@adventure-works.com,129-555-0164
30028,Laura,Steele,laura3@adventure-works.com,741-555-0173
30029,Shanay,Steelman,shanay0@adventure-works.com,797-555-0118
30030,Stefano,Stefani,stefano0@adventure-works.com,1 (11) 500 555-0115
30031,Alan,Steiner,alan4@adventure-works.com,792-555-0194
30032,Derik,Stenerson,derik0@adventure-works.com,441-555-0144
30033,Vassar,Stern,vassar0@adventure-works.com,328-555-0123
30034,Wathalee,Steuber,wathalee0@adventure-works.com,517-555-0120
30035,Alice,Steiner,alice4@adventure-works.com,355-555-0180
30036,Liza Marie,Stevens,lizamarie0@adventure-works.com,366-555-0110
30037,Jim,Stewart,jim5@adventure-works.com,226-555-0110
30039,Robert,Stotka,robert12@adventure-works.com,493-555-0185
30040,Kayla,Stotler,kayla0@adventure-works.com,315-555-0131
30042,Ruby Sue,Styles,rubysue0@adventure-works.com,512-555-0122
30044,Gary,Suess,gary5@adventure-works.com,1 (11) 500 555-0199
30045,Ruth,Suffin,ruth2@adventure-works.com,924-555-0195
30046,Elizabeth,Sullivan,elizabeth4@adventure-works.com,306-555-0112
30047,Michael,Sullivan,michael24@adventure-works.com,323-555-0113
30048,Marcia,Sultan,marcia0@adventure-works.com,613-555-0116
30050,Krishna,Sunkammurali,krishna1@adventure-works.com,1 (11) 500 555-0177
30051,Brad,Sutton,brad0@adventure-works.com,688-555-0115
30052,Abraham,Swearengin,abraham0@adventure-works.com,926-555-0136
30053,Katherine,Swan,katherine1@adventure-works.com,421-555-0192
30055,Julie,Taft-Rider,julie1@adventure-works.com,145-555-0194
30056,Clarence,Tatman,clarence0@adventure-works.com,787-555-0128
30058,Mike,Taylor,mike6@adventure-works.com,204-555-0189
30061,Chad,Tedford,chad1@adventure-works.com,588-555-0128
30063,Vanessa,Tench,vanessa0@adventure-works.com,785-555-0163
30064,Judy,Thames,judy3@adventure-works.com,799-555-0118
30067,Phyllis,Thomas,phyllis2@adventure-works.com,667-555-0112
30069,Donald,Thompson,donald1@adventure-works.com,273-555-0111
30070,Kendra,Thompson,kendra0@adventure-works.com,464-555-0188
30071,Daniel,Thompson,daniel2@adventure-works.com,247-555-0197
30072,Andrea,Thomsen,andrea1@adventure-works.com,1 (11) 500 555-0120
30074,Yuping,Tian,yuping0@adventure-works.com,744-555-0123
30076,Diane,Tibbott,diane5@adventure-works.com,847-555-0184
30080,Delia,Toone,delia0@adventure-works.com,328-555-0192
30083,Glenn,Track,glenn0@adventure-works.com,907-555-0170
30087,Billy,Trent,billy0@adventure-works.com,882-555-0115
30089,Michael John,Troyer,michaeljohn0@adventure-works.com,308-555-0175
30090,Christie,Trujillo,christie0@adventure-works.com,686-555-0180
30093,Phyllis,Tuffield,phyllis3@adventure-works.com,277-555-0182
30094,Sairaj,Uddin,sairaj1@adventure-works.com,767-555-0193
30095,Sunil,Uppal,sunil0@adventure-works.com,184-555-0187
30098,Esther,Valle,esther0@adventure-works.com,481-555-0131
30100,Jessie,Valerio,jessie0@adventure-works.com,103-555-0179
30102,Roger,Van Houten,roger2@adventure-works.com,1 (11) 500 555-0110
30104,Rose,Vandenouer,rose1@adventure-works.com,1 (11) 500 555-0140
30105,Gregory,Vanderbout,gregory1@adventure-works.com,684-555-0134
30106,Michael,Vanderhyde,michael25@adventure-works.com,918-555-0141
30107,Margaret,Vanderkamp,margaret2@adventure-works.com,265-555-0143
30108,Kara,Vanderlinden,kara0@adventure-works.com,680-555-0160
30109,Nieves,Vargas,nieves0@adventure-works.com,371-555-0184
30110,Gary,Vargas,gary6@adventure-works.com,112-555-0176
30111,Ranjit,Varkey Chudukatil,ranjit1@adventure-works.com,810-555-0160
30112,Patricia,Vasquez,patricia2@adventure-works.com,490-555-0132
30113,Raja,Venugopal,raja0@adventure-works.com,1 (11) 500 555-0195
30115,Dora,Verdad,dora0@adventure-works.com,155-555-0140
30116,Wanda,Vernon,wanda0@adventure-works.com,433-555-0168
30117,Robert,Vessa,robert13@adventure-works.com,560-555-0171
30118,Caroline,Vicknair,caroline0@adventure-works.com,695-555-0158
